i,sparsity,hash_time,avl_time,trad_time
2,0.01,0.0050542390017653815,0.03245794299800764,0.00015931100278976373
2,0.05,0.00410633399951621,0.03139081499830354,0.00016224499995587394
2,0.1,0.0038910080002096947,0.03155159400193952,0.0001629430007596966
2,0.2,0.004403095001180191,0.03139158399790176,0.0001623839998501353
